TID,Items
1,"Bread,Corn,Dill,Ice cream,Sugar,Yogurt,Chocolate"
2,Milk
3,"Apple,Butter,Dill,Ice cream,Milk,Yogurt,Chocolate"
4,"Butter,Cheese,Dill,Milk,Garlic,Onion"
5,"Apple,Bread"
6,"Apple,Bread,Butter,Cheese,Dill,Ice cream,Garlic,Broccoli,Yogurt,Chocolate"
7,"Butter,Eggs,Ice cream,Kidney Beans,Milk,Garlic,Onion,Yogurt"
8,"Apple,Cheese,Eggs,Garlic,Sugar,Yogurt"
9,"Apple,Corn,Dill,Eggs,Ice cream,Milk,Garlic,Onion,Sugar,Broccoli,Yogurt,Chocolate"
10,"Apple,Dill,Eggs,Ice cream,Milk,Onion,Sugar,Broccoli,Chocolate"
11,"Apple,Bread,Cheese,Ice cream,Sugar,Broccoli"
12,"Apple,Bread,Cheese,Dill,Eggs,Ice cream,Kidney Beans,Garlic,Sugar,Yogurt,Chocolate"
13,"Onion,Broccoli,Chocolate"
14,"Ice cream,Sugar,Yogurt"
15,"Butter,Kidney Beans"
16,Yogurt
17,"Apple,Bread,Butter,Cheese,Ice cream,Garlic,Sugar"
18,"Apple,Eggs,Yogurt,Chocolate"
19,"Bread,Cheese,Kidney Beans,Sugar"
20,"Bread,Corn,Ice cream,Kidney Beans,Milk,Garlic,Sugar,Broccoli"
21,"Apple,Cheese,Ice cream,Sugar,Broccoli"
22,"Apple,Butter,Cheese,Kidney Beans,Broccoli,Yogurt"
23,"Bread,Cheese,Dill,Eggs,Ice cream,Kidney Beans,Milk,Broccoli,Yogurt,Chocolate"
24,"Bread,Butter,Cheese,Eggs,Ice cream,Kidney Beans,Sugar,Broccoli,Chocolate"
25,"Bread,Corn,Eggs,Kidney Beans,Milk,Garlic,Onion,Broccoli,Yogurt"
26,"Bread,Butter,Eggs,Milk,Yogurt,Chocolate"
27,"Bread,Butter,Cheese,Corn,Kidney Beans,Milk,Broccoli,Chocolate"
28,"Bread,Butter"
29,"Bread,Butter,Kidney Beans,Milk,Garlic,Broccoli,Yogurt,Chocolate"
30,"Apple,Bread,Ice cream,Onion,Yogurt"
31,"Corn,Dill,Milk,Broccoli,Chocolate"
32,"Apple,Bread,Butter,Dill,Milk,Broccoli,Yogurt"
33,"Cheese,Eggs,Kidney Beans"
34,"Dill,Milk,Garlic,Sugar"
35,"Bread,Dill,Ice cream,Onion,Chocolate"
36,"Cheese,Dill,Eggs,Onion,Broccoli,Chocolate"
37,"Apple,Cheese,Corn,Dill,Ice cream,Kidney Beans,Garlic,Onion,Broccoli,Yogurt,Chocolate"
38,"Corn,Eggs,Ice cream,Milk,Garlic,Chocolate"
39,"Butter,Kidney Beans,Sugar"
40,"Bread,Cheese,Corn,Eggs,Ice cream,Garlic,Yogurt"
41,"Apple,Bread,Butter,Cheese,Corn,Eggs,Kidney Beans,Broccoli,Chocolate"
42,"Bread,Butter,Yogurt,Chocolate"
43,"Bread,Onion"
44,"Apple,Bread,Corn,Dill,Ice cream,Kidney Beans,Milk,Onion,Chocolate"
45,"Ice cream,Sugar"
46,"Bread,Corn,Dill,Eggs,Ice cream,Milk,Broccoli"
47,Onion
48,"Apple,Onion,Chocolate"
49,"Bread,Dill,Sugar,Yogurt,Chocolate"
50,"Bread,Butter,Cheese,Dill,Eggs,Garlic,Onion,Sugar"
51,"Apple,Butter,Cheese,Corn,Dill,Kidney Beans,Milk,Broccoli,Chocolate"
52,"Apple,Bread,Butter,Onion,Sugar,Broccoli,Chocolate"
53,"Apple,Corn,Eggs,Ice cream,Kidney Beans,Garlic,Sugar,Broccoli"
54,"Dill,Sugar,Broccoli"
55,Apple
56,"Bread,Ice cream,Garlic,Broccoli"
57,"Bread,Corn,Dill,Kidney Beans,Milk,Garlic,Yogurt,Chocolate"
58,"Ice cream,Kidney Beans,Yogurt"
59,"Apple,Cheese,Dill,Ice cream,Kidney Beans,Milk,Garlic"
60,"Yogurt,Chocolate"
61,"Apple,Milk,Onion,Chocolate"
62,"Apple,Bread,Cheese,Kidney Beans,Milk,Garlic,Sugar,Yogurt"
63,"Bread,Butter,Cheese,Corn,Dill,Eggs,Milk,Garlic,Yogurt,Chocolate"
64,Yogurt
65,"Ice cream,Milk,Onion,Sugar,Broccoli,Chocolate"
66,"Apple,Bread,Corn,Dill,Eggs,Ice cream,Milk,Onion,Sugar,Broccoli,Yogurt"
67,"Apple,Butter,Corn,Ice cream,Kidney Beans,Garlic,Onion,Sugar,Yogurt,Chocolate"
68,"Bread,Cheese,Dill,Ice cream,Kidney Beans,Milk,Onion,Sugar,Broccoli,Yogurt,Chocolate"
69,Broccoli
70,"Bread,Cheese,Corn,Dill,Eggs,Milk,Yogurt"
71,"Dill,Ice cream,Sugar,Broccoli,Chocolate"
72,"Bread,Dill,Eggs,Ice cream,Kidney Beans,Yogurt,Chocolate"
73,"Apple,Corn,Eggs,Kidney Beans,Garlic,Sugar,Chocolate"
74,"Butter,Corn,Ice cream,Garlic,Onion,Sugar,Broccoli,Yogurt,Chocolate"
75,Onion
76,"Apple,Bread,Cheese,Corn,Dill,Ice cream,Milk,Broccoli,Chocolate"
77,"Apple,Eggs,Ice cream,Garlic"
78,"Apple,Bread,Butter,Dill,Garlic,Onion,Yogurt,Chocolate"
79,"Cheese,Dill,Ice cream,Kidney Beans,Garlic,Onion,Sugar,Chocolate"
80,"Butter,Cheese,Ice cream,Garlic"
81,"Cheese,Eggs,Onion,Broccoli,Yogurt"
82,"Bread,Butter,Cheese,Dill,Eggs,Onion,Broccoli,Yogurt"
83,"Apple,Butter,Corn,Sugar"
84,Apple
85,"Apple,Bread,Butter,Cheese,Corn,Ice cream,Kidney Beans,Milk,Garlic,Broccoli,Yogurt"
86,"Apple,Butter,Milk,Onion,Sugar,Yogurt,Chocolate"
87,"Apple,Corn,Dill,Kidney Beans,Milk,Garlic,Chocolate"
88,"Butter,Eggs,Kidney Beans,Garlic,Onion,Sugar,Broccoli,Yogurt"
89,"Apple,Cheese,Dill,Ice cream,Chocolate"
90,"Apple,Cheese,Corn,Dill,Eggs,Kidney Beans,Garlic,Onion,Sugar,Broccoli,Yogurt,Chocolate"
91,"Apple,Bread,Butter,Corn,Dill,Kidney Beans,Garlic,Onion,Sugar,Broccoli,Yogurt,Chocolate"
92,"Cheese,Corn,Dill,Eggs,Ice cream,Kidney Beans,Milk,Garlic,Onion,Yogurt,Chocolate"
93,"Apple,Butter,Corn,Dill,Onion,Sugar,Broccoli,Yogurt,Chocolate"
94,"Bread,Butter,Cheese,Corn,Eggs,Ice cream,Garlic,Onion,Yogurt,Chocolate"
95,"Apple,Dill,Milk,Garlic,Onion,Yogurt"
96,"Bread,Corn,Dill,Milk,Onion"
97,"Apple,Butter,Corn,Dill,Kidney Beans,Garlic,Yogurt"
98,Yogurt
99,"Apple,Butter,Corn,Eggs,Kidney Beans,Milk,Onion,Sugar,Broccoli,Yogurt"
100,"Bread,Butter,Cheese,Corn,Eggs,Kidney Beans,Milk,Onion,Sugar,Yogurt,Chocolate"
101,"Bread,Eggs"
102,"Bread,Butter,Cheese,Ice cream,Milk,Sugar,Chocolate"
103,"Cheese,Eggs,Sugar,Yogurt,Chocolate"
104,"Bread,Broccoli"
105,"Bread,Cheese,Eggs,Ice cream,Garlic,Onion,Sugar,Broccoli"
106,"Corn,Eggs,Milk"
107,"Apple,Cheese,Dill,Eggs,Kidney Beans,Onion,Broccoli,Chocolate"
108,"Kidney Beans,Broccoli,Yogurt"
109,Yogurt
110,Garlic
111,"Apple,Cheese,Corn,Dill,Milk,Garlic,Onion,Yogurt"
112,"Apple,Bread,Butter,Cheese,Corn,Dill,Onion,Sugar,Broccoli,Yogurt,Chocolate"
113,"Apple,Bread,Corn,Eggs,Ice cream,Kidney Beans,Milk,Garlic,Chocolate"
114,"Butter,Eggs,Kidney Beans,Milk,Garlic,Onion"
115,"Apple,Bread,Cheese,Dill,Eggs,Garlic,Onion,Sugar,Yogurt"
116,"Apple,Cheese,Eggs,Kidney Beans"
117,"Bread,Butter,Corn,Eggs,Ice cream,Onion,Sugar,Broccoli"
118,"Apple,Bread,Butter,Cheese,Milk,Onion,Sugar,Chocolate"
119,"Apple,Cheese,Corn,Dill,Ice cream,Sugar,Yogurt"
120,"Corn,Eggs,Garlic,Onion,Broccoli,Yogurt,Chocolate"
121,"Butter,Cheese,Dill,Ice cream,Sugar"
122,"Cheese,Garlic,Onion,Yogurt"
123,"Butter,Corn,Ice cream,Kidney Beans,Broccoli,Yogurt"
124,"Bread,Corn,Dill,Eggs,Kidney Beans,Garlic,Yogurt,Chocolate"
125,Cheese
126,"Bread,Butter,Dill,Eggs,Yogurt"
127,"Apple,Ice cream,Onion,Yogurt,Chocolate"
128,"Kidney Beans,Garlic,Sugar,Chocolate"
129,"Apple,Butter,Cheese,Corn,Eggs,Milk,Garlic,Onion,Sugar,Broccoli,Yogurt"
130,"Bread,Butter,Corn,Ice cream,Kidney Beans,Milk,Garlic,Onion,Sugar,Yogurt,Chocolate"
131,"Apple,Butter,Broccoli,Yogurt,Chocolate"
132,"Apple,Bread,Butter,Dill,Milk,Garlic,Sugar,Chocolate"
133,"Apple,Cheese,Dill,Eggs,Garlic,Onion,Sugar,Broccoli,Yogurt"
134,"Cheese,Dill,Eggs,Kidney Beans,Milk,Garlic,Broccoli,Chocolate"
135,"Kidney Beans,Garlic,Sugar"
136,"Butter,Cheese,Corn,Dill,Ice cream,Kidney Beans,Garlic,Onion,Yogurt"
137,"Bread,Butter,Dill,Eggs,Ice cream,Milk,Onion,Broccoli,Yogurt,Chocolate"
138,"Apple,Corn,Dill,Eggs,Milk,Yogurt,Chocolate"
139,Kidney Beans
140,"Cheese,Corn,Kidney Beans,Milk,Onion"
141,"Apple,Butter,Cheese,Corn,Dill,Ice cream,Kidney Beans,Milk,Garlic,Sugar,Broccoli,Chocolate"
142,"Apple,Bread,Butter,Corn,Milk,Garlic,Broccoli,Yogurt"
143,"Cheese,Dill,Eggs,Broccoli"
144,"Apple,Bread,Corn,Eggs,Ice cream,Kidney Beans,Onion,Sugar,Yogurt"
145,"Kidney Beans,Milk,Garlic,Sugar,Broccoli,Yogurt"
146,"Bread,Butter,Cheese,Corn,Kidney Beans,Milk,Garlic,Onion,Sugar,Broccoli"
147,"Dill,Ice cream,Milk,Onion,Sugar"
148,"Corn,Dill,Ice cream,Kidney Beans,Garlic,Sugar,Broccoli,Chocolate"
149,"Apple,Bread,Cheese,Eggs,Chocolate"
150,"Eggs,Garlic,Sugar,Broccoli,Yogurt"
151,"Apple,Bread,Butter,Corn,Ice cream,Garlic,Onion,Sugar,Broccoli,Yogurt"
152,"Cheese,Corn,Ice cream,Kidney Beans,Garlic,Sugar,Yogurt"
153,Kidney Beans
154,Broccoli
155,"Cheese,Kidney Beans,Milk,Sugar,Broccoli"
156,"Corn,Kidney Beans,Sugar,Broccoli"
157,"Bread,Butter,Corn,Kidney Beans,Yogurt"
158,"Apple,Butter,Dill,Eggs,Ice cream,Kidney Beans,Milk,Onion,Sugar,Yogurt"
159,Corn
160,"Apple,Corn,Milk,Garlic,Sugar"
161,Dill
162,"Corn,Eggs,Ice cream,Kidney Beans,Garlic,Broccoli,Chocolate"
163,"Eggs,Kidney Beans,Milk,Garlic,Sugar,Broccoli"
164,"Butter,Corn,Dill,Eggs,Ice cream,Milk,Onion,Sugar,Broccoli,Yogurt,Chocolate"
165,"Apple,Butter,Corn,Dill,Eggs,Ice cream,Sugar,Broccoli,Chocolate"
166,Yogurt
167,"Apple,Bread,Butter,Cheese,Corn,Eggs,Ice cream,Kidney Beans,Garlic,Sugar,Broccoli,Chocolate"
168,"Bread,Dill,Garlic,Onion,Broccoli,Yogurt"
169,Ice cream
170,"Apple,Bread"
171,"Bread,Butter,Eggs,Ice cream,Kidney Beans,Garlic,Sugar,Chocolate"
172,"Apple,Butter,Cheese,Dill,Ice cream,Kidney Beans,Garlic,Sugar,Broccoli,Yogurt"
173,"Onion,Chocolate"
174,"Bread,Eggs,Sugar,Chocolate"
175,"Bread,Cheese,Onion,Chocolate"
176,"Butter,Cheese,Garlic"
177,"Butter,Cheese,Dill,Eggs,Kidney Beans,Milk,Garlic,Broccoli,Yogurt"
178,"Bread,Cheese,Corn,Milk,Garlic,Sugar,Yogurt,Chocolate"
179,"Bread,Kidney Beans"
180,"Ice cream,Milk,Chocolate"
181,"Butter,Cheese,Corn,Dill,Milk,Sugar,Broccoli,Chocolate"
182,"Apple,Butter,Cheese,Eggs,Onion,Sugar,Yogurt,Chocolate"
183,"Dill,Garlic"
184,"Apple,Bread,Butter,Corn,Eggs,Kidney Beans,Milk,Garlic,Onion,Broccoli,Yogurt,Chocolate"
185,"Butter,Garlic,Chocolate"
186,"Butter,Cheese,Ice cream,Kidney Beans,Milk,Garlic,Onion,Broccoli,Yogurt,Chocolate"
187,"Apple,Butter,Cheese,Dill,Eggs,Ice cream,Kidney Beans,Milk,Garlic,Onion,Broccoli,Yogurt,Chocolate"
188,"Corn,Ice cream,Garlic,Onion,Broccoli,Yogurt,Chocolate"
189,"Apple,Butter,Cheese,Corn,Dill,Kidney Beans,Sugar,Broccoli,Yogurt"
190,"Apple,Bread,Corn,Dill,Kidney Beans,Milk,Garlic,Sugar,Broccoli,Yogurt,Chocolate"
191,"Apple,Cheese,Corn,Ice cream,Kidney Beans,Yogurt"
192,"Apple,Cheese,Milk"
193,"Apple,Bread,Butter,Cheese,Dill,Ice cream,Garlic,Onion,Sugar,Chocolate"
194,"Cheese,Corn,Eggs,Kidney Beans,Onion,Broccoli,Yogurt"
195,"Butter,Cheese,Dill,Eggs,Ice cream,Onion,Broccoli,Chocolate"
196,"Corn,Dill,Milk"
197,"Apple,Bread,Cheese,Corn,Dill,Eggs,Milk,Onion,Sugar,Broccoli"
198,"Bread,Butter,Cheese,Eggs,Kidney Beans,Milk,Garlic,Onion"
199,"Apple,Ice cream,Milk,Chocolate"
200,"Butter,Cheese,Dill,Ice cream,Kidney Beans,Milk,Sugar,Yogurt"
201,"Dill,Ice cream,Garlic,Onion,Chocolate"
202,"Butter,Ice cream,Milk,Sugar,Broccoli,Chocolate"
203,"Bread,Butter,Dill,Eggs,Ice cream,Kidney Beans,Milk,Onion,Broccoli"
204,"Ice cream,Broccoli"
205,"Bread,Cheese,Dill,Eggs,Ice cream,Kidney Beans,Broccoli,Yogurt"
206,"Apple,Corn,Sugar"
207,"Cheese,Corn,Milk,Sugar,Yogurt,Chocolate"
208,"Cheese,Kidney Beans,Garlic,Onion,Sugar,Broccoli"
209,"Garlic,Sugar,Broccoli,Yogurt"
210,"Bread,Butter,Cheese,Dill,Ice cream,Garlic,Onion,Broccoli,Chocolate"
211,"Apple,Bread,Butter,Corn,Dill,Eggs,Ice cream,Kidney Beans,Sugar,Yogurt"
212,"Apple,Bread,Butter,Corn,Ice cream,Kidney Beans,Chocolate"
213,"Bread,Butter,Cheese,Eggs,Milk,Garlic,Yogurt,Chocolate"
214,Eggs
215,"Butter,Eggs,Kidney Beans,Milk,Onion,Yogurt,Chocolate"
216,"Butter,Dill,Garlic,Sugar,Broccoli,Chocolate"
217,"Bread,Butter,Cheese,Corn,Eggs,Ice cream,Milk,Garlic,Onion,Chocolate"
218,"Apple,Corn,Eggs,Ice cream,Garlic"
219,"Apple,Bread,Dill,Garlic,Sugar,Broccoli"
220,"Dill,Onion"
221,"Eggs,Ice cream,Garlic,Onion,Chocolate"
222,"Apple,Bread,Eggs,Kidney Beans,Milk,Garlic,Onion,Sugar,Yogurt"
223,"Cheese,Eggs,Kidney Beans,Chocolate"
224,"Bread,Butter,Dill,Garlic,Onion,Yogurt,Chocolate"
225,"Apple,Butter,Cheese,Corn,Dill,Eggs,Ice cream,Kidney Beans,Milk,Garlic,Sugar,Broccoli"
226,"Apple,Butter,Eggs,Ice cream,Milk,Sugar"
227,"Cheese,Corn,Eggs,Sugar,Broccoli,Yogurt"
228,"Bread,Broccoli"
229,"Apple,Butter,Cheese,Corn,Dill,Eggs,Ice cream,Garlic,Onion,Sugar,Broccoli"
230,"Apple,Corn"
231,"Bread,Corn,Dill,Milk,Chocolate"
232,"Apple,Cheese,Corn,Dill,Garlic,Sugar"
233,"Butter,Ice cream,Milk,Yogurt,Chocolate"
234,"Cheese,Corn,Garlic,Sugar"
235,"Apple,Bread"
236,Dill
237,"Ice cream,Garlic,Sugar,Broccoli"
238,"Corn,Onion"
239,"Apple,Bread,Butter,Cheese,Corn,Ice cream,Kidney Beans,Milk,Garlic,Onion,Sugar,Yogurt,Chocolate"
240,"Bread,Butter,Corn,Broccoli,Yogurt"
241,"Bread,Broccoli,Yogurt"
242,"Apple,Bread,Corn,Dill,Milk,Chocolate"
243,Dill
244,"Apple,Butter,Cheese,Ice cream,Kidney Beans,Milk,Sugar,Broccoli,Yogurt,Chocolate"
245,"Bread,Dill,Eggs,Ice cream,Sugar"
246,"Apple,Cheese,Corn,Milk,Garlic,Onion,Broccoli,Yogurt,Chocolate"
247,"Butter,Corn,Kidney Beans,Onion"
248,"Apple,Corn,Dill,Garlic,Onion"
249,"Bread,Cheese,Eggs,Milk,Garlic,Broccoli"
250,"Apple,Butter,Cheese,Ice cream,Kidney Beans,Milk,Chocolate"
251,"Butter,Corn,Dill,Eggs,Ice cream,Garlic,Onion,Yogurt,Chocolate"
252,"Apple,Bread,Butter,Cheese,Ice cream,Kidney Beans,Onion,Sugar"
253,Butter
254,"Bread,Butter,Dill,Garlic,Broccoli,Yogurt"
255,"Bread,Corn,Yogurt"
256,"Apple,Butter,Corn,Dill,Ice cream,Kidney Beans,Milk,Garlic,Onion,Chocolate"
257,"Corn,Yogurt"
258,"Apple,Butter,Cheese,Corn,Ice cream,Kidney Beans,Garlic,Sugar,Broccoli,Chocolate"
259,Cheese
260,"Butter,Ice cream,Kidney Beans,Milk,Sugar,Broccoli,Chocolate"
261,"Corn,Eggs,Kidney Beans,Milk,Garlic"
262,"Apple,Cheese,Corn,Dill,Kidney Beans,Milk,Onion,Sugar,Broccoli,Chocolate"
263,"Apple,Bread,Butter,Cheese,Corn,Dill,Eggs,Ice cream,Onion,Broccoli"
264,"Apple,Cheese,Corn,Dill,Eggs,Garlic,Onion,Sugar,Broccoli,Chocolate"
265,"Corn,Dill"
266,Apple
267,"Butter,Ice cream,Kidney Beans"
268,"Apple,Bread,Cheese,Corn,Dill,Eggs,Kidney Beans,Milk,Onion,Sugar,Broccoli,Yogurt"
269,"Bread,Cheese,Corn,Ice cream,Kidney Beans,Garlic,Sugar,Broccoli,Yogurt,Chocolate"
270,Kidney Beans
271,"Apple,Bread,Corn,Milk,Garlic,Onion,Yogurt"
272,"Bread,Butter,Cheese,Corn,Eggs,Garlic,Onion,Yogurt,Chocolate"
273,"Corn,Kidney Beans,Milk,Broccoli"
274,"Apple,Bread,Cheese,Ice cream,Garlic,Onion,Broccoli"
275,"Cheese,Dill,Kidney Beans,Garlic,Onion,Sugar"
276,"Apple,Butter,Corn,Dill,Kidney Beans,Milk,Onion,Broccoli"
277,"Apple,Bread,Butter,Corn,Eggs,Ice cream,Sugar,Broccoli,Yogurt"
278,"Butter,Cheese,Eggs,Ice cream,Kidney Beans,Onion,Broccoli,Yogurt"
279,"Bread,Butter,Corn,Milk,Broccoli,Yogurt"
280,"Apple,Bread,Butter,Corn,Ice cream,Sugar,Broccoli,Yogurt"
281,"Corn,Dill,Ice cream,Milk,Garlic,Onion"
282,"Bread,Butter,Corn,Eggs,Kidney Beans,Onion,Sugar,Yogurt,Chocolate"
283,"Bread,Butter,Cheese,Onion,Sugar,Yogurt"
284,"Butter,Cheese,Corn,Ice cream,Milk,Broccoli,Yogurt"
285,"Apple,Bread,Butter,Corn,Eggs,Ice cream,Garlic,Onion,Sugar,Chocolate"
286,"Eggs,Broccoli,Yogurt"
287,"Apple,Butter,Eggs,Kidney Beans,Garlic,Sugar,Yogurt"
288,"Apple,Bread,Dill,Eggs,Ice cream,Milk,Garlic,Sugar,Yogurt,Chocolate"
289,"Apple,Bread,Butter,Dill,Kidney Beans,Milk,Garlic,Onion,Broccoli,Chocolate"
290,"Bread,Cheese,Dill,Milk,Onion,Chocolate"
291,"Butter,Cheese,Corn,Eggs,Ice cream,Kidney Beans,Yogurt,Chocolate"
292,"Apple,Bread,Dill,Milk,Onion,Sugar,Broccoli,Chocolate"
293,"Butter,Cheese,Dill,Eggs,Kidney Beans,Garlic,Broccoli,Chocolate"
294,"Butter,Corn,Eggs,Kidney Beans,Garlic,Onion,Yogurt,Chocolate"
295,"Butter,Cheese,Corn,Dill,Ice cream,Kidney Beans,Milk,Onion,Chocolate"
296,"Apple,Butter,Cheese,Sugar,Broccoli,Yogurt,Chocolate"
297,"Apple,Cheese,Corn,Chocolate"
298,"Cheese,Corn,Dill,Ice cream,Garlic,Onion,Broccoli,Yogurt,Chocolate"
299,"Apple,Corn,Kidney Beans"
300,"Apple,Cheese,Eggs,Ice cream,Kidney Beans,Milk,Onion,Sugar,Broccoli,Yogurt,Chocolate"
301,"Bread,Cheese,Dill,Eggs,Kidney Beans,Garlic,Sugar,Yogurt,Chocolate"
302,"Bread,Cheese,Chocolate"
303,"Apple,Cheese,Corn,Dill,Eggs,Ice cream,Onion,Sugar,Yogurt"
304,"Bread,Corn,Eggs,Garlic,Onion,Broccoli,Chocolate"
305,"Cheese,Corn,Ice cream,Garlic,Sugar"
306,"Dill,Kidney Beans"
307,"Apple,Butter,Eggs,Kidney Beans,Milk,Garlic,Sugar,Yogurt"
308,"Apple,Butter,Corn,Eggs,Milk,Garlic,Onion,Sugar,Yogurt,Chocolate"
309,"Apple,Butter,Cheese,Corn,Ice cream,Kidney Beans,Onion,Broccoli"
310,"Corn,Dill,Ice cream,Milk,Sugar,Broccoli,Chocolate"
311,"Apple,Dill,Ice cream,Kidney Beans,Chocolate"
312,"Apple,Butter,Cheese,Dill,Eggs,Milk,Sugar,Chocolate"
313,"Butter,Corn,Dill,Ice cream,Kidney Beans,Milk,Garlic,Sugar,Yogurt"
314,"Apple,Bread,Butter,Cheese,Dill,Eggs,Milk,Onion,Sugar"
315,"Apple,Bread,Corn,Dill,Eggs,Ice cream,Milk,Onion,Sugar,Broccoli,Yogurt,Chocolate"
316,"Apple,Bread,Butter,Cheese,Corn,Dill,Eggs,Ice cream,Kidney Beans,Milk,Yogurt,Chocolate"
317,"Apple,Butter,Cheese,Eggs,Kidney Beans,Garlic,Onion"
318,"Bread,Cheese,Corn,Kidney Beans,Milk,Sugar,Yogurt"
319,"Corn,Eggs,Broccoli,Yogurt,Chocolate"
320,"Cheese,Dill,Ice cream,Kidney Beans,Sugar,Yogurt,Chocolate"
321,"Bread,Cheese,Corn,Dill,Ice cream,Kidney Beans,Onion"
322,"Dill,Eggs,Onion,Broccoli,Chocolate"
323,"Dill,Onion,Yogurt"
324,"Butter,Cheese,Corn,Dill,Eggs,Ice cream,Kidney Beans,Milk,Garlic,Onion,Broccoli,Yogurt"
325,"Butter,Dill,Eggs,Ice cream,Garlic,Chocolate"
326,"Apple,Butter,Eggs,Milk,Garlic,Onion,Sugar,Broccoli"
327,"Apple,Bread,Butter,Corn,Eggs,Ice cream,Garlic,Onion,Sugar,Broccoli,Yogurt,Chocolate"
328,"Corn,Dill,Eggs,Ice cream,Kidney Beans,Milk,Onion,Yogurt"
329,"Apple,Butter,Corn,Kidney Beans,Milk,Onion,Broccoli"
330,"Bread,Dill,Kidney Beans,Onion,Sugar,Broccoli,Yogurt"
331,"Apple,Butter,Cheese,Kidney Beans,Sugar"
332,"Cheese,Ice cream,Onion,Yogurt"
333,"Bread,Butter,Dill,Ice cream,Milk,Garlic,Onion,Sugar,Chocolate"
334,"Butter,Cheese,Ice cream,Kidney Beans,Garlic,Broccoli,Yogurt"
335,"Apple,Butter,Corn,Ice cream,Kidney Beans,Onion,Sugar,Broccoli"
336,"Apple,Bread,Cheese,Corn,Eggs,Kidney Beans,Milk,Broccoli"
337,"Cheese,Milk,Garlic,Sugar,Broccoli,Yogurt,Chocolate"
338,"Bread,Cheese,Chocolate"
339,"Apple,Butter,Cheese,Corn,Dill,Kidney Beans,Onion,Broccoli,Yogurt,Chocolate"
340,"Apple,Corn,Ice cream,Garlic,Onion,Sugar,Yogurt"
341,"Bread,Butter,Dill,Milk,Garlic,Onion,Sugar"
342,"Butter,Cheese,Corn,Eggs,Ice cream,Milk,Onion"
343,"Eggs,Ice cream,Kidney Beans,Milk,Sugar,Broccoli,Yogurt"
344,"Apple,Butter,Cheese,Dill,Kidney Beans,Milk,Sugar,Yogurt,Chocolate"
345,"Apple,Ice cream,Milk,Broccoli"
346,"Butter,Kidney Beans,Milk"
347,"Apple,Cheese,Corn,Eggs,Milk,Garlic,Onion,Broccoli,Yogurt"
348,"Bread,Corn,Kidney Beans,Milk,Sugar,Chocolate"
349,"Cheese,Corn,Kidney Beans,Onion"
350,"Bread,Cheese,Corn,Dill,Kidney Beans,Milk,Sugar,Broccoli,Yogurt,Chocolate"
351,"Apple,Bread,Butter,Cheese,Ice cream,Milk,Sugar,Yogurt,Chocolate"
352,"Apple,Butter,Dill,Eggs,Ice cream,Kidney Beans,Milk,Garlic,Sugar,Broccoli,Chocolate"
353,"Apple,Eggs"
354,"Bread,Dill,Eggs,Ice cream,Milk,Garlic,Onion,Sugar,Broccoli,Yogurt"
355,"Apple,Bread,Butter,Cheese,Eggs,Milk,Garlic,Yogurt"
356,"Butter,Cheese,Corn,Dill,Kidney Beans,Onion,Yogurt,Chocolate"
357,Corn
358,"Butter,Cheese,Dill,Ice cream,Milk,Garlic,Sugar,Chocolate"
359,"Apple,Bread,Butter,Corn,Garlic,Onion,Sugar,Yogurt"
360,"Butter,Corn,Eggs,Kidney Beans,Milk,Garlic,Sugar,Broccoli,Chocolate"
361,"Apple,Butter,Corn,Dill,Ice cream,Kidney Beans,Sugar,Chocolate"
362,"Corn,Eggs,Garlic,Yogurt"
363,"Apple,Butter,Cheese,Corn,Dill,Eggs,Kidney Beans,Garlic,Onion,Yogurt"
364,"Apple,Butter,Cheese,Corn,Ice cream,Kidney Beans,Garlic,Sugar,Broccoli,Chocolate"
365,"Apple,Onion"
366,Sugar
367,"Dill,Eggs,Sugar"
368,"Bread,Butter,Milk,Garlic"
369,"Bread,Butter,Cheese,Corn,Dill,Eggs,Ice cream,Milk,Onion,Sugar,Broccoli"
370,"Bread,Butter,Cheese,Corn,Ice cream,Kidney Beans,Milk,Garlic,Yogurt,Chocolate"
371,"Corn,Dill,Ice cream,Broccoli"
372,"Bread,Cheese,Kidney Beans,Milk,Broccoli"
373,"Apple,Ice cream,Kidney Beans,Milk,Garlic,Broccoli,Yogurt"
374,"Bread,Butter,Eggs,Kidney Beans,Sugar,Broccoli"
375,"Corn,Garlic,Broccoli"
376,"Apple,Cheese,Corn,Eggs,Kidney Beans,Milk,Yogurt,Chocolate"
377,"Apple,Bread,Cheese,Corn,Eggs,Ice cream,Onion,Sugar,Broccoli,Chocolate"
378,"Apple,Bread,Butter,Cheese,Dill,Eggs,Kidney Beans,Onion,Yogurt,Chocolate"
379,"Bread,Butter,Ice cream,Kidney Beans,Sugar,Broccoli,Yogurt"
380,"Apple,Bread,Butter,Corn,Eggs,Ice cream,Garlic,Onion,Sugar,Broccoli,Chocolate"
381,"Butter,Cheese,Dill,Eggs,Kidney Beans,Milk,Garlic,Onion"
382,"Cheese,Corn,Milk,Broccoli,Yogurt"
383,"Bread,Butter,Cheese,Corn,Dill,Eggs,Kidney Beans,Onion,Sugar,Broccoli,Chocolate"
384,"Butter,Cheese,Corn,Dill,Eggs,Ice cream,Kidney Beans,Garlic,Onion,Sugar,Broccoli,Yogurt,Chocolate"
385,"Butter,Corn,Milk,Sugar,Broccoli,Yogurt"
386,"Apple,Bread,Butter,Cheese,Corn,Eggs,Garlic,Onion,Sugar,Yogurt,Chocolate"
387,"Apple,Bread,Corn,Yogurt"
388,"Cheese,Ice cream,Kidney Beans,Garlic"
389,"Bread,Cheese,Corn,Dill,Ice cream,Milk,Onion,Sugar,Yogurt,Chocolate"
390,"Apple,Dill,Eggs,Ice cream,Garlic,Sugar,Chocolate"
391,"Dill,Onion,Sugar,Chocolate"
392,"Apple,Bread,Butter,Cheese,Ice cream,Garlic,Onion,Broccoli,Yogurt"
393,"Cheese,Dill,Eggs,Ice cream,Kidney Beans,Onion,Chocolate"
394,"Butter,Cheese,Ice cream,Kidney Beans,Milk,Onion,Sugar,Yogurt"
395,"Bread,Cheese,Ice cream,Kidney Beans,Garlic,Sugar,Broccoli,Yogurt"
396,"Apple,Corn,Dill,Ice cream,Kidney Beans,Garlic,Yogurt,Chocolate"
397,"Dill,Yogurt"
398,"Bread,Butter,Dill,Eggs,Kidney Beans,Garlic,Onion,Broccoli,Yogurt"
399,Apple
400,"Butter,Dill,Kidney Beans,Milk,Garlic,Sugar,Broccoli,Yogurt,Chocolate"
401,"Bread,Corn,Ice cream,Onion,Sugar"
402,"Apple,Eggs,Ice cream,Milk,Onion,Sugar,Yogurt"
403,"Bread,Butter,Cheese,Corn,Eggs,Kidney Beans,Milk,Garlic,Onion,Broccoli,Yogurt"
404,"Butter,Cheese,Ice cream,Sugar,Yogurt,Chocolate"
405,"Apple,Bread,Butter,Dill,Kidney Beans,Milk,Garlic,Onion,Sugar,Yogurt"
406,"Eggs,Sugar,Yogurt"
407,"Apple,Bread,Butter,Cheese,Dill,Ice cream,Garlic,Onion,Broccoli"
408,"Eggs,Ice cream,Milk,Garlic,Onion,Sugar,Chocolate"
409,Cheese
410,"Dill,Ice cream,Kidney Beans,Milk,Garlic,Onion,Sugar,Broccoli,Chocolate"
411,"Butter,Cheese,Corn,Dill,Eggs,Ice cream,Milk,Garlic,Onion,Broccoli,Chocolate"
412,"Corn,Eggs,Ice cream,Kidney Beans,Garlic,Onion,Yogurt,Chocolate"
413,"Ice cream,Yogurt,Chocolate"
414,"Bread,Butter,Eggs,Ice cream,Milk,Onion,Broccoli,Yogurt,Chocolate"
415,"Apple,Butter,Cheese,Corn,Ice cream,Garlic,Broccoli"
416,"Butter,Cheese,Milk,Broccoli"
417,"Bread,Corn,Eggs,Ice cream,Kidney Beans,Onion,Yogurt"
418,"Dill,Milk"
419,"Apple,Ice cream,Milk,Onion,Sugar,Yogurt,Chocolate"
420,"Butter,Corn,Kidney Beans,Milk,Onion,Sugar,Broccoli,Yogurt"
421,"Cheese,Corn,Garlic,Onion,Broccoli,Yogurt,Chocolate"
422,"Apple,Butter,Dill,Milk,Garlic,Sugar,Yogurt"
423,"Apple,Bread,Butter,Cheese,Eggs,Ice cream,Garlic,Onion,Sugar,Yogurt"
424,"Apple,Butter,Corn,Eggs,Garlic,Sugar,Broccoli"
425,Apple
426,"Apple,Bread,Cheese,Corn,Dill,Ice cream,Kidney Beans,Milk,Garlic,Onion,Sugar,Broccoli"
427,"Apple,Dill,Eggs,Garlic,Onion,Sugar"
428,"Apple,Corn,Kidney Beans,Broccoli,Yogurt,Chocolate"
429,"Bread,Cheese,Dill,Yogurt"
430,"Bread,Butter,Cheese,Ice cream,Kidney Beans,Milk,Garlic,Onion,Sugar,Yogurt"
431,"Cheese,Corn,Dill,Eggs,Kidney Beans,Garlic,Onion"
432,"Butter,Cheese,Corn,Dill,Ice cream,Garlic,Onion,Broccoli,Chocolate"
433,"Apple,Butter,Cheese,Ice cream,Milk,Garlic,Onion,Sugar,Chocolate"
434,"Bread,Butter,Cheese,Milk,Onion,Sugar,Broccoli"
435,"Apple,Bread,Eggs,Ice cream,Kidney Beans,Milk,Onion,Sugar,Broccoli,Yogurt"
436,"Apple,Dill,Onion,Sugar,Yogurt,Chocolate"
437,"Apple,Ice cream,Milk,Garlic,Yogurt,Chocolate"
438,"Apple,Butter,Corn,Dill,Eggs,Milk,Sugar,Yogurt"
439,"Apple,Butter,Dill,Ice cream"
440,"Eggs,Broccoli"
441,"Dill,Milk,Onion,Sugar,Yogurt,Chocolate"
442,"Bread,Butter,Dill,Ice cream,Kidney Beans,Milk,Onion"
443,"Apple,Bread,Butter,Cheese,Corn,Eggs,Kidney Beans,Milk,Garlic,Sugar,Broccoli"
444,"Dill,Yogurt"
445,"Butter,Corn,Onion,Sugar"
446,"Apple,Butter,Dill,Milk,Onion,Sugar,Broccoli,Yogurt,Chocolate"
447,"Apple,Bread,Butter,Cheese,Corn,Eggs,Ice cream,Garlic,Onion,Sugar"
448,Cheese
449,"Cheese,Corn,Dill,Eggs,Ice cream,Broccoli,Yogurt"
450,"Apple,Cheese,Corn,Eggs,Ice cream,Milk,Onion"
451,"Bread,Cheese,Dill,Ice cream,Milk,Garlic,Sugar,Yogurt,Chocolate"
452,"Butter,Cheese,Ice cream,Garlic,Broccoli"
453,"Cheese,Dill,Garlic"
454,"Bread,Butter,Dill,Kidney Beans,Onion,Sugar,Broccoli,Yogurt"
455,"Kidney Beans,Onion,Chocolate"
456,"Apple,Bread,Corn,Kidney Beans,Milk,Garlic,Onion,Broccoli,Yogurt,Chocolate"
457,"Butter,Cheese,Corn,Dill,Eggs,Garlic,Onion"
458,"Bread,Eggs,Milk,Garlic,Onion,Sugar,Broccoli,Yogurt"
459,"Butter,Cheese,Corn,Ice cream,Kidney Beans,Onion"
460,"Bread,Corn,Kidney Beans,Milk,Garlic,Onion,Sugar,Broccoli,Yogurt,Chocolate"
461,"Butter,Corn,Eggs,Ice cream,Onion,Chocolate"
462,"Apple,Corn,Dill,Eggs,Kidney Beans,Milk,Yogurt,Chocolate"
463,"Bread,Butter,Cheese,Corn,Dill,Kidney Beans,Onion"
464,"Cheese,Corn,Dill,Ice cream,Kidney Beans,Milk,Garlic,Onion,Sugar,Broccoli,Chocolate"
465,Kidney Beans
466,"Butter,Corn,Eggs,Broccoli,Chocolate"
467,"Apple,Bread,Cheese,Corn,Ice cream,Kidney Beans,Milk"
468,"Apple,Bread,Corn,Eggs,Kidney Beans,Garlic,Onion,Sugar,Broccoli,Yogurt,Chocolate"
469,"Apple,Butter,Corn,Dill,Ice cream,Yogurt"
470,"Apple,Bread,Dill,Eggs,Garlic,Yogurt,Chocolate"
471,"Apple,Kidney Beans,Sugar,Broccoli,Chocolate"
472,"Apple,Dill,Garlic,Yogurt"
473,"Apple,Butter,Cheese,Dill,Ice cream,Kidney Beans,Garlic,Sugar,Yogurt,Chocolate"
474,"Bread,Cheese,Corn,Eggs,Garlic,Sugar,Chocolate"
475,"Cheese,Corn,Eggs,Broccoli"
476,"Apple,Bread,Cheese,Corn,Dill,Ice cream,Kidney Beans,Milk,Chocolate"
477,"Apple,Butter,Corn,Eggs,Garlic,Sugar,Chocolate"
478,"Bread,Cheese,Corn,Dill,Ice cream,Kidney Beans,Garlic,Onion,Yogurt"
479,"Apple,Bread,Cheese,Corn,Dill,Eggs,Kidney Beans,Milk,Sugar,Broccoli,Yogurt,Chocolate"
480,"Apple,Cheese,Dill,Eggs,Garlic,Onion"
481,"Apple,Bread,Corn,Kidney Beans,Milk,Garlic,Sugar,Broccoli,Yogurt,Chocolate"
482,"Apple,Cheese,Corn,Dill,Ice cream,Milk,Garlic,Sugar,Broccoli,Yogurt,Chocolate"
483,"Bread,Corn,Dill,Eggs,Ice cream,Kidney Beans,Yogurt,Chocolate"
484,"Dill,Broccoli"
485,"Apple,Cheese,Corn,Dill,Eggs,Kidney Beans,Milk,Garlic,Onion,Sugar,Broccoli,Chocolate"
486,"Cheese,Corn,Onion,Sugar,Broccoli"
487,"Bread,Cheese,Ice cream,Milk,Garlic,Onion"
488,"Apple,Bread,Butter,Cheese,Ice cream,Kidney Beans,Garlic,Sugar,Chocolate"
489,"Apple,Cheese,Dill,Garlic"
490,"Dill,Ice cream"
491,"Apple,Corn,Dill,Ice cream,Kidney Beans,Broccoli,Yogurt"
492,"Kidney Beans,Onion"
493,"Bread,Eggs,Ice cream,Kidney Beans,Milk,Onion,Sugar,Yogurt,Chocolate"
494,"Butter,Kidney Beans,Garlic"
495,"Apple,Butter,Cheese,Corn,Ice cream,Kidney Beans,Milk,Onion,Sugar,Broccoli,Chocolate"
496,Cheese
497,"Butter,Milk,Sugar,Yogurt"
498,"Bread,Butter,Cheese,Corn,Dill,Eggs,Kidney Beans,Milk,Garlic,Onion,Broccoli,Chocolate"
499,"Apple,Butter,Cheese,Corn,Dill,Eggs,Kidney Beans,Milk,Garlic,Sugar,Chocolate"
500,"Dill,Sugar,Broccoli"
501,"Cheese,Corn,Dill,Ice cream,Garlic,Onion,Broccoli,Yogurt,Chocolate"
502,"Corn,Milk,Sugar"
503,"Corn,Dill,Ice cream,Sugar,Broccoli"
504,"Butter,Cheese,Ice cream,Broccoli,Yogurt,Chocolate"
505,"Apple,Bread,Butter,Corn,Dill,Kidney Beans,Chocolate"
506,"Bread,Cheese,Ice cream,Kidney Beans"
507,"Apple,Butter,Ice cream,Kidney Beans,Milk,Broccoli,Chocolate"
508,"Dill,Garlic,Yogurt"
509,"Kidney Beans,Milk,Yogurt,Chocolate"
510,"Apple,Butter,Dill,Eggs,Kidney Beans"
511,"Apple,Corn,Eggs,Kidney Beans,Garlic,Broccoli,Yogurt"
512,"Eggs,Onion,Sugar"
513,"Butter,Eggs,Milk,Garlic,Onion"
514,"Cheese,Kidney Beans,Sugar"
515,"Apple,Butter,Eggs,Ice cream,Kidney Beans,Milk,Yogurt"
516,"Apple,Butter,Eggs,Ice cream,Milk,Garlic,Onion,Yogurt,Chocolate"
517,"Apple,Butter,Cheese,Corn,Dill,Eggs,Ice cream,Milk,Onion,Sugar,Chocolate"
518,"Corn,Dill,Eggs,Kidney Beans,Milk,Onion,Sugar,Broccoli,Chocolate"
519,"Bread,Cheese,Eggs,Ice cream,Chocolate"
520,"Butter,Cheese,Dill,Eggs"
521,"Bread,Dill,Eggs,Milk,Yogurt,Chocolate"
522,"Apple,Bread,Butter,Corn,Dill,Eggs,Kidney Beans,Milk,Sugar,Chocolate"
523,"Apple,Kidney Beans,Milk,Onion,Yogurt"
524,"Cheese,Dill,Milk,Onion,Sugar,Chocolate"
525,"Bread,Broccoli"
526,"Bread,Butter,Dill,Ice cream,Onion,Yogurt"
527,"Apple,Bread,Cheese,Corn,Dill,Eggs,Yogurt"
528,Cheese
529,"Bread,Cheese,Dill,Ice cream,Milk,Onion,Sugar,Broccoli,Chocolate"
530,"Cheese,Kidney Beans"
531,"Apple,Butter,Milk,Chocolate"
532,"Cheese,Dill,Kidney Beans,Milk,Garlic,Onion,Chocolate"
533,"Apple,Kidney Beans"
534,"Bread,Corn,Dill,Ice cream,Onion,Yogurt,Chocolate"
535,"Apple,Cheese,Corn,Dill,Milk,Broccoli,Yogurt"
536,"Dill,Onion,Yogurt"
537,"Corn,Eggs,Ice cream,Kidney Beans,Milk,Onion,Broccoli"
538,"Cheese,Dill,Eggs,Ice cream,Kidney Beans,Milk,Garlic,Sugar,Broccoli,Yogurt,Chocolate"
539,"Bread,Cheese,Kidney Beans,Garlic,Broccoli,Yogurt"
540,"Bread,Dill,Eggs,Milk,Sugar,Broccoli,Yogurt"
541,"Bread,Butter,Dill,Ice cream,Kidney Beans,Milk,Broccoli"
542,"Bread,Butter,Eggs,Ice cream,Kidney Beans,Garlic,Broccoli,Chocolate"
543,"Apple,Cheese,Corn,Dill,Ice cream,Milk,Garlic,Onion,Sugar"
544,"Corn,Dill,Kidney Beans"
545,"Apple,Bread,Cheese,Corn,Dill,Eggs,Onion,Sugar"
546,"Bread,Butter,Cheese,Dill,Ice cream,Yogurt"
547,"Apple,Corn,Dill,Ice cream,Kidney Beans,Broccoli,Yogurt"
548,"Butter,Chocolate"
549,"Butter,Chocolate"
550,"Bread,Dill,Ice cream,Onion,Sugar,Broccoli,Yogurt"
551,"Apple,Butter,Cheese,Milk,Sugar,Yogurt"
552,"Apple,Bread,Butter,Corn,Eggs,Ice cream,Kidney Beans,Milk,Garlic,Broccoli,Yogurt"
553,"Apple,Butter,Corn,Dill,Ice cream,Milk,Onion,Sugar,Broccoli,Yogurt,Chocolate"
554,"Butter,Eggs,Ice cream,Garlic"
555,"Corn,Eggs,Kidney Beans,Milk,Garlic,Onion,Broccoli,Chocolate"
556,"Cheese,Dill,Ice cream,Broccoli,Yogurt,Chocolate"
557,"Apple,Cheese,Ice cream,Kidney Beans"
558,"Butter,Dill,Ice cream,Kidney Beans,Onion"
559,"Butter,Ice cream,Kidney Beans,Garlic,Sugar,Yogurt"
560,"Cheese,Kidney Beans,Broccoli,Chocolate"
561,"Bread,Corn"
562,"Bread,Cheese,Yogurt"
563,"Apple,Bread,Butter,Cheese,Kidney Beans,Milk,Broccoli,Chocolate"
564,"Apple,Dill,Eggs,Ice cream,Kidney Beans,Milk,Onion,Sugar,Broccoli,Yogurt,Chocolate"
565,"Cheese,Onion,Sugar"
566,"Kidney Beans,Onion"
567,"Bread,Cheese,Ice cream,Garlic,Onion,Yogurt"
568,"Bread,Corn,Milk,Garlic,Onion,Yogurt,Chocolate"
569,"Apple,Butter,Dill,Broccoli,Yogurt,Chocolate"
570,"Apple,Bread,Butter,Dill,Eggs,Milk,Garlic,Onion,Yogurt,Chocolate"
571,"Apple,Bread,Butter,Cheese,Dill,Kidney Beans,Garlic,Onion"
572,"Apple,Bread,Butter,Dill,Ice cream,Milk,Garlic,Sugar,Yogurt"
573,"Butter,Corn,Eggs,Ice cream,Milk,Garlic,Broccoli,Chocolate"
574,"Bread,Corn,Dill,Milk,Onion,Sugar,Broccoli,Yogurt"
575,"Apple,Butter,Cheese,Dill,Ice cream,Kidney Beans,Onion,Sugar,Broccoli,Yogurt,Chocolate"
576,"Cheese,Kidney Beans,Sugar,Broccoli"
577,"Apple,Butter,Corn,Dill,Milk,Garlic"
578,"Bread,Cheese,Eggs,Ice cream,Kidney Beans,Milk,Sugar,Broccoli,Yogurt,Chocolate"
579,"Cheese,Dill,Ice cream,Kidney Beans,Garlic,Onion,Sugar"
580,"Apple,Butter,Cheese,Dill,Kidney Beans,Milk,Garlic,Onion,Broccoli"
581,Garlic
582,Dill
583,"Butter,Corn,Kidney Beans,Milk,Garlic"
584,"Apple,Bread,Butter,Cheese,Corn,Kidney Beans,Milk,Garlic,Sugar"
585,"Bread,Cheese,Garlic,Onion,Sugar"
586,"Apple,Cheese,Dill,Ice cream,Garlic,Onion,Chocolate"
587,"Butter,Corn,Dill,Eggs,Kidney Beans,Milk,Sugar,Yogurt,Chocolate"
588,"Cheese,Corn,Ice cream,Sugar"
589,"Butter,Corn,Eggs,Kidney Beans,Milk,Broccoli"
590,"Onion,Sugar"
591,"Bread,Butter,Kidney Beans,Onion,Sugar"
592,"Butter,Corn,Dill,Ice cream,Onion,Sugar,Broccoli"
593,"Bread,Butter,Cheese,Corn,Dill,Eggs,Ice cream,Kidney Beans,Milk,Sugar,Yogurt,Chocolate"
594,"Apple,Cheese,Corn,Eggs,Ice cream,Milk,Garlic,Onion,Sugar"
595,"Apple,Bread,Butter,Dill,Ice cream,Milk,Sugar,Broccoli,Yogurt,Chocolate"
596,"Bread,Butter,Cheese,Eggs,Ice cream,Kidney Beans,Chocolate"
597,"Butter,Corn,Dill,Eggs,Ice cream,Kidney Beans,Onion,Broccoli,Yogurt"
598,"Bread,Cheese,Ice cream"
599,Ice cream
600,"Ice cream,Kidney Beans,Milk,Onion,Sugar"
601,"Bread,Butter,Eggs,Ice cream,Onion,Yogurt"
602,Garlic
603,"Bread,Corn,Garlic,Onion"
604,Milk
605,"Butter,Dill,Eggs,Milk,Garlic,Onion,Broccoli,Yogurt,Chocolate"
606,"Butter,Corn,Ice cream,Kidney Beans,Onion,Yogurt,Chocolate"
607,"Apple,Bread,Corn,Ice cream,Broccoli"
608,"Apple,Bread,Corn,Eggs,Milk,Sugar,Yogurt,Chocolate"
609,"Bread,Corn,Dill,Eggs,Ice cream,Sugar,Yogurt"
610,"Eggs,Onion,Chocolate"
611,"Bread,Corn,Dill,Eggs,Onion,Sugar,Broccoli,Yogurt"
612,"Butter,Cheese,Corn,Eggs,Kidney Beans,Onion,Broccoli,Yogurt,Chocolate"
613,"Butter,Eggs,Milk,Broccoli"
614,"Eggs,Broccoli"
615,"Apple,Cheese,Dill,Eggs,Ice cream,Kidney Beans,Milk,Garlic,Onion,Sugar,Chocolate"
616,Ice cream
617,"Apple,Butter,Cheese,Milk,Garlic,Onion"
618,"Butter,Corn,Eggs,Milk,Sugar,Chocolate"
619,"Corn,Ice cream,Kidney Beans,Onion"
620,"Butter,Eggs,Sugar"
621,"Apple,Bread,Cheese,Corn,Eggs,Ice cream,Milk,Garlic,Sugar,Broccoli,Yogurt"
622,"Bread,Eggs,Sugar,Chocolate"
623,"Cheese,Dill,Garlic"
624,"Bread,Butter,Eggs,Ice cream,Garlic,Onion,Sugar,Broccoli,Yogurt,Chocolate"
625,"Apple,Bread,Butter,Corn,Dill,Eggs,Ice cream,Kidney Beans,Milk,Garlic,Onion,Sugar,Yogurt"
626,"Apple,Cheese,Milk,Yogurt"
627,"Corn,Eggs,Ice cream"
628,"Butter,Ice cream,Garlic,Broccoli,Yogurt"
629,"Apple,Bread,Butter,Corn,Dill,Ice cream,Garlic,Sugar,Broccoli,Yogurt,Chocolate"
630,"Butter,Cheese,Corn,Dill,Eggs,Ice cream,Kidney Beans,Sugar,Broccoli"
631,"Bread,Broccoli"
632,Onion
633,"Bread,Ice cream,Chocolate"
634,"Apple,Onion,Sugar,Broccoli,Chocolate"
635,"Bread,Butter,Corn,Dill,Ice cream,Milk,Sugar"
636,"Cheese,Corn,Dill,Eggs,Ice cream,Milk,Onion,Chocolate"
637,"Apple,Butter,Corn,Dill,Milk"
638,"Apple,Butter,Milk,Garlic,Broccoli"
639,"Cheese,Sugar"
640,"Apple,Dill,Ice cream,Garlic,Broccoli"
641,"Bread,Butter,Ice cream,Kidney Beans,Milk,Onion,Sugar,Broccoli"
642,"Milk,Garlic,Onion,Sugar,Chocolate"
643,"Butter,Corn,Dill,Ice cream,Garlic,Onion,Sugar"
644,"Butter,Garlic"
645,"Butter,Cheese,Corn,Dill,Eggs,Milk,Onion,Chocolate"
646,"Cheese,Garlic,Sugar"
647,"Apple,Bread,Dill,Ice cream,Kidney Beans,Onion,Sugar,Broccoli,Yogurt,Chocolate"
648,"Apple,Corn,Dill,Milk,Sugar,Yogurt,Chocolate"
649,"Apple,Butter,Eggs,Ice cream,Milk,Onion"
650,"Bread,Cheese,Ice cream,Kidney Beans,Milk,Garlic,Onion,Broccoli,Chocolate"
651,"Apple,Butter,Onion"
652,"Apple,Butter,Cheese,Corn,Dill,Ice cream,Garlic,Onion,Yogurt"
653,"Apple,Bread,Butter,Cheese,Dill,Ice cream,Kidney Beans,Garlic,Onion,Yogurt,Chocolate"
654,"Cheese,Corn,Eggs,Milk,Broccoli,Yogurt,Chocolate"
655,"Butter,Cheese,Eggs,Kidney Beans,Milk,Garlic,Onion,Yogurt"
656,"Apple,Bread,Butter,Dill,Eggs"
657,"Apple,Bread,Butter,Dill,Eggs,Ice cream,Sugar,Yogurt,Chocolate"
658,"Butter,Cheese,Corn,Dill,Ice cream,Kidney Beans,Garlic,Onion,Yogurt"
659,"Apple,Dill,Kidney Beans,Garlic,Yogurt"
660,"Butter,Cheese,Eggs,Garlic,Onion"
661,"Bread,Kidney Beans,Milk"
662,"Bread,Corn,Eggs,Milk,Chocolate"
663,"Bread,Butter,Cheese,Corn,Dill,Ice cream"
664,Corn
665,"Butter,Ice cream,Kidney Beans,Garlic,Broccoli,Chocolate"
666,"Apple,Butter,Eggs,Ice cream,Kidney Beans,Milk,Garlic,Onion,Yogurt,Chocolate"
667,"Apple,Butter,Cheese,Corn,Eggs,Kidney Beans,Milk,Garlic,Yogurt,Chocolate"
668,"Bread,Cheese,Dill,Kidney Beans,Garlic,Onion,Sugar,Broccoli,Yogurt,Chocolate"
669,"Bread,Butter,Corn,Garlic,Sugar,Yogurt"
670,"Bread,Cheese,Eggs,Garlic,Sugar,Yogurt"
671,"Apple,Bread,Cheese,Corn,Eggs,Kidney Beans,Onion,Sugar,Broccoli,Yogurt,Chocolate"
672,Apple
673,"Apple,Bread,Cheese,Dill,Ice cream,Kidney Beans,Garlic,Onion,Broccoli,Chocolate"
674,"Apple,Bread,Cheese,Corn,Dill,Ice cream,Milk"
675,"Cheese,Dill,Eggs,Kidney Beans,Milk,Onion,Sugar,Broccoli,Chocolate"
676,"Bread,Eggs,Milk,Chocolate"
677,"Dill,Eggs,Milk,Broccoli,Yogurt,Chocolate"
678,"Cheese,Broccoli,Chocolate"
679,"Apple,Cheese,Ice cream,Kidney Beans,Milk,Garlic,Onion,Sugar,Chocolate"
680,"Apple,Cheese,Corn,Dill,Kidney Beans,Onion,Sugar,Broccoli,Yogurt"
681,"Bread,Butter,Cheese,Corn,Eggs,Ice cream,Kidney Beans,Milk,Onion,Yogurt,Chocolate"
682,"Bread,Butter,Corn,Ice cream,Garlic,Onion,Sugar"
683,"Apple,Cheese,Dill,Ice cream,Chocolate"
684,"Bread,Cheese,Corn,Ice cream,Garlic,Sugar,Chocolate"
685,"Eggs,Ice cream,Kidney Beans,Broccoli,Yogurt"
686,"Apple,Butter,Ice cream,Kidney Beans,Milk,Sugar,Broccoli"
687,"Apple,Butter,Corn,Kidney Beans,Milk,Garlic,Sugar,Yogurt"
688,"Bread,Cheese,Dill,Ice cream,Milk,Broccoli,Yogurt"
689,"Corn,Eggs,Yogurt,Chocolate"
690,"Bread,Butter,Corn,Dill,Kidney Beans,Milk,Garlic,Broccoli,Chocolate"
691,"Bread,Butter,Corn,Ice cream,Kidney Beans,Milk,Garlic,Onion,Sugar"
692,"Apple,Bread,Dill,Ice cream,Milk,Garlic,Onion,Broccoli,Chocolate"
693,Ice cream
694,"Corn,Dill,Eggs,Kidney Beans,Milk,Garlic,Sugar"
695,"Apple,Cheese,Eggs,Kidney Beans,Garlic,Onion,Chocolate"
696,"Bread,Eggs"
697,"Bread,Butter,Corn,Eggs,Ice cream,Milk,Chocolate"
698,"Apple,Corn,Ice cream,Yogurt"
699,"Butter,Cheese,Kidney Beans,Milk,Garlic,Sugar,Yogurt"
700,"Apple,Butter,Corn,Dill,Eggs,Ice cream,Kidney Beans,Broccoli,Chocolate"
701,"Bread,Butter,Onion,Broccoli"
702,"Apple,Bread,Corn,Eggs,Ice cream,Kidney Beans,Milk,Onion,Broccoli,Yogurt"
703,"Apple,Bread,Dill,Eggs,Milk,Garlic,Onion,Broccoli,Chocolate"
704,"Corn,Dill"
705,"Butter,Dill,Kidney Beans,Milk"
706,"Butter,Cheese,Corn,Eggs,Ice cream,Sugar"
707,"Apple,Bread,Cheese,Dill,Kidney Beans,Milk,Garlic,Yogurt"
708,"Apple,Cheese,Kidney Beans,Milk,Garlic"
709,"Apple,Bread,Corn,Kidney Beans,Milk,Onion"
710,"Apple,Corn,Dill,Ice cream,Kidney Beans,Garlic,Onion,Chocolate"
711,"Kidney Beans,Milk,Onion,Yogurt,Chocolate"
712,"Bread,Broccoli"
713,Dill
714,"Butter,Dill,Eggs,Ice cream,Milk,Garlic,Sugar,Yogurt,Chocolate"
715,"Bread,Garlic,Chocolate"
716,"Bread,Butter,Cheese,Corn,Ice cream,Sugar"
717,"Apple,Butter,Eggs,Milk,Onion,Broccoli,Yogurt"
718,"Apple,Bread,Ice cream,Sugar,Broccoli"
719,"Apple,Bread,Butter,Corn,Dill,Ice cream,Kidney Beans,Broccoli,Yogurt,Chocolate"
720,"Eggs,Chocolate"
721,"Apple,Corn,Eggs,Broccoli,Chocolate"
722,"Apple,Corn,Milk,Yogurt,Chocolate"
723,"Apple,Bread,Butter,Corn,Milk,Yogurt,Chocolate"
724,"Cheese,Garlic,Broccoli"
725,"Cheese,Corn,Eggs,Kidney Beans,Garlic,Sugar"
726,"Apple,Cheese,Corn,Dill,Eggs,Kidney Beans,Milk,Onion,Sugar,Chocolate"
727,"Bread,Butter,Cheese,Milk,Yogurt,Chocolate"
728,"Butter,Cheese,Dill,Eggs,Ice cream,Kidney Beans,Garlic,Onion,Sugar,Broccoli,Chocolate"
729,"Apple,Butter,Cheese,Corn,Dill,Milk,Onion,Chocolate"
730,"Butter,Cheese,Dill,Eggs,Sugar"
731,"Corn,Eggs,Ice cream,Milk,Garlic"
732,"Bread,Eggs,Garlic"
733,Milk
734,"Apple,Bread,Dill,Kidney Beans,Garlic,Sugar,Yogurt,Chocolate"
735,"Apple,Butter,Eggs,Ice cream,Milk,Garlic,Broccoli,Chocolate"
736,"Cheese,Garlic,Broccoli,Yogurt,Chocolate"
737,Cheese
738,"Apple,Corn,Dill,Milk,Yogurt"
739,"Bread,Butter,Cheese,Corn,Dill,Ice cream,Kidney Beans,Milk,Onion,Yogurt"
740,"Apple,Butter,Cheese,Dill,Eggs,Ice cream,Milk,Garlic,Onion,Sugar"
741,"Apple,Butter,Corn,Eggs,Ice cream,Garlic,Onion,Sugar,Broccoli,Yogurt"
742,"Cheese,Eggs,Ice cream,Onion"
743,"Milk,Garlic,Chocolate"
744,"Bread,Dill,Kidney Beans,Milk,Garlic,Broccoli,Yogurt"
745,"Cheese,Dill,Yogurt"
746,"Apple,Butter,Cheese,Corn,Ice cream,Kidney Beans,Garlic,Sugar,Chocolate"
747,"Bread,Cheese,Dill,Eggs,Ice cream,Kidney Beans,Milk,Broccoli,Chocolate"
748,"Apple,Bread,Eggs,Ice cream,Kidney Beans,Milk,Onion,Broccoli,Chocolate"
749,"Bread,Kidney Beans,Chocolate"
750,"Apple,Bread,Butter,Cheese,Corn,Dill,Onion,Yogurt"
751,"Butter,Milk,Onion,Sugar,Yogurt"
752,"Apple,Bread,Butter,Dill,Eggs,Ice cream,Kidney Beans,Milk,Onion,Broccoli,Yogurt"
753,"Bread,Butter,Dill,Ice cream,Milk,Garlic,Onion,Sugar,Yogurt"
754,"Butter,Cheese,Eggs,Kidney Beans,Milk,Garlic,Chocolate"
755,"Cheese,Ice cream,Milk,Garlic,Onion,Sugar,Broccoli,Chocolate"
756,"Bread,Butter,Dill,Eggs,Milk,Onion,Chocolate"
757,"Bread,Cheese,Eggs,Kidney Beans,Garlic"
758,"Bread,Cheese,Corn,Dill,Eggs,Ice cream,Kidney Beans,Garlic,Onion,Sugar,Yogurt"
759,"Bread,Butter,Ice cream,Onion,Chocolate"
760,"Bread,Butter,Dill,Garlic,Onion,Sugar,Chocolate"
761,"Apple,Butter,Cheese,Ice cream,Kidney Beans,Onion,Sugar,Broccoli,Yogurt"
762,"Bread,Butter,Cheese,Garlic,Onion,Sugar,Yogurt,Chocolate"
763,"Apple,Cheese,Corn,Eggs,Garlic,Onion"
764,"Cheese,Corn,Dill,Ice cream,Kidney Beans,Milk,Garlic,Yogurt"
765,"Apple,Bread,Butter,Cheese,Corn,Dill,Eggs,Kidney Beans,Garlic,Sugar,Broccoli,Yogurt"
766,"Dill,Ice cream,Garlic"
767,"Apple,Bread,Butter,Eggs,Kidney Beans,Garlic,Onion,Yogurt,Chocolate"
768,"Corn,Dill,Eggs,Ice cream,Kidney Beans,Garlic,Chocolate"
769,"Cheese,Corn,Ice cream,Kidney Beans,Milk,Onion,Broccoli,Yogurt"
770,"Eggs,Onion,Chocolate"
771,"Corn,Kidney Beans,Milk,Broccoli,Yogurt"
772,"Kidney Beans,Garlic,Sugar,Chocolate"
773,"Apple,Cheese,Dill,Eggs,Kidney Beans,Milk,Broccoli,Yogurt"
774,"Apple,Bread,Corn,Ice cream,Kidney Beans,Sugar,Broccoli,Yogurt,Chocolate"
775,"Apple,Bread,Dill,Ice cream,Milk,Onion,Broccoli,Yogurt,Chocolate"
776,"Butter,Broccoli"
777,"Butter,Dill,Eggs,Kidney Beans,Milk,Garlic,Onion,Sugar,Broccoli,Chocolate"
778,"Apple,Bread,Butter,Corn,Dill,Kidney Beans,Milk,Onion,Sugar"
779,"Milk,Broccoli"
780,"Bread,Cheese,Dill,Eggs,Onion,Sugar"
781,"Apple,Butter,Cheese,Dill,Garlic"
782,"Eggs,Garlic,Broccoli,Yogurt"
783,"Cheese,Dill,Eggs,Onion,Yogurt"
784,Eggs
785,"Eggs,Sugar,Broccoli"
786,"Dill,Eggs,Sugar,Broccoli"
787,"Cheese,Eggs"
788,"Bread,Cheese,Eggs,Broccoli"
789,"Bread,Butter,Corn,Sugar,Chocolate"
790,"Butter,Cheese,Corn,Eggs,Garlic,Sugar,Broccoli,Yogurt"
791,"Apple,Cheese,Eggs,Kidney Beans,Sugar,Yogurt"
792,"Apple,Bread,Cheese,Corn,Dill,Eggs,Garlic,Sugar,Yogurt"
793,"Cheese,Dill,Kidney Beans,Milk,Sugar,Chocolate"
794,"Bread,Dill,Ice cream,Kidney Beans,Garlic,Sugar,Broccoli"
795,Broccoli
796,"Eggs,Ice cream,Kidney Beans,Chocolate"
797,"Butter,Cheese,Corn,Milk,Garlic,Sugar,Yogurt"
798,Ice cream
799,Kidney Beans
800,"Ice cream,Onion,Yogurt"
801,"Bread,Butter,Corn,Eggs,Ice cream,Milk,Onion,Sugar,Broccoli,Chocolate"
802,"Apple,Butter,Corn,Dill,Milk,Onion,Sugar,Broccoli,Chocolate"
803,"Bread,Butter,Cheese,Corn,Kidney Beans,Garlic,Sugar"
804,"Butter,Cheese,Corn,Eggs,Ice cream,Milk,Sugar,Broccoli"
805,"Bread,Dill,Ice cream,Milk"
806,"Apple,Bread,Butter,Cheese,Eggs,Milk,Garlic,Onion,Sugar,Yogurt,Chocolate"
807,"Apple,Eggs,Onion,Yogurt"
808,"Butter,Dill,Eggs,Kidney Beans,Garlic,Sugar,Yogurt,Chocolate"
809,"Bread,Cheese,Eggs,Ice cream,Milk,Garlic,Onion,Sugar,Yogurt"
810,"Corn,Dill,Eggs,Milk,Garlic,Sugar,Broccoli"
811,"Butter,Cheese,Dill,Kidney Beans,Onion,Broccoli,Chocolate"
812,"Bread,Cheese,Corn,Dill,Eggs,Ice cream,Garlic,Yogurt,Chocolate"
813,"Apple,Bread,Kidney Beans,Sugar,Broccoli,Yogurt,Chocolate"
814,"Apple,Dill,Eggs,Milk,Garlic,Chocolate"
815,"Milk,Broccoli"
816,"Eggs,Garlic,Onion,Sugar,Broccoli,Yogurt"
817,"Apple,Bread,Onion,Sugar,Broccoli,Yogurt,Chocolate"
818,"Cheese,Yogurt"
819,"Apple,Cheese,Kidney Beans,Milk,Sugar,Yogurt,Chocolate"
820,"Bread,Cheese,Corn,Ice cream,Garlic,Sugar,Chocolate"
821,"Cheese,Corn,Eggs,Kidney Beans,Garlic,Onion,Broccoli"
822,"Eggs,Kidney Beans"
823,"Corn,Eggs,Ice cream,Onion,Sugar"
824,Sugar
825,"Bread,Butter,Corn,Ice cream,Kidney Beans,Milk,Garlic,Onion,Sugar,Chocolate"
826,"Butter,Corn,Chocolate"
827,"Apple,Eggs,Sugar,Yogurt,Chocolate"
828,"Butter,Kidney Beans,Sugar,Chocolate"
829,"Bread,Butter,Cheese,Dill,Eggs,Milk,Garlic,Broccoli,Chocolate"
830,"Bread,Dill,Eggs,Garlic,Onion,Sugar,Broccoli,Yogurt"
831,"Butter,Ice cream,Milk,Broccoli,Chocolate"
832,"Bread,Cheese,Corn,Eggs,Milk,Garlic,Sugar,Chocolate"
833,"Cheese,Ice cream,Kidney Beans,Sugar,Yogurt,Chocolate"
834,"Apple,Butter,Dill,Kidney Beans"
835,"Apple,Bread,Dill,Kidney Beans,Milk,Garlic,Onion,Yogurt,Chocolate"
836,"Bread,Cheese,Corn,Dill,Ice cream,Milk,Onion,Broccoli,Chocolate"
837,"Eggs,Ice cream,Onion,Sugar"
838,"Apple,Butter,Cheese,Dill,Onion,Broccoli,Yogurt"
839,"Apple,Butter,Corn,Dill,Eggs,Ice cream,Kidney Beans,Milk,Broccoli,Chocolate"
840,"Bread,Ice cream,Garlic,Onion,Sugar,Yogurt"
841,"Apple,Butter,Dill,Ice cream,Kidney Beans,Garlic,Onion,Broccoli"
842,"Bread,Butter,Cheese,Corn,Eggs,Kidney Beans,Garlic,Broccoli,Yogurt"
843,Butter
844,Eggs
845,"Bread,Cheese,Corn"
846,"Apple,Bread,Dill,Eggs,Kidney Beans,Milk,Sugar,Broccoli,Yogurt"
847,"Apple,Butter,Corn"
848,"Bread,Cheese,Corn,Eggs,Ice cream,Kidney Beans,Milk,Sugar,Broccoli"
849,"Apple,Butter,Corn,Eggs,Kidney Beans,Milk,Chocolate"
850,"Apple,Butter,Cheese,Ice cream,Kidney Beans,Milk"
851,"Bread,Dill,Ice cream,Garlic,Onion,Sugar,Yogurt"
852,Onion
853,"Bread,Butter,Cheese,Ice cream,Kidney Beans,Milk,Garlic,Onion,Sugar,Broccoli"
854,"Apple,Butter,Cheese,Eggs,Ice cream,Kidney Beans,Milk,Garlic,Sugar,Yogurt,Chocolate"
855,"Bread,Corn,Dill,Eggs,Garlic,Onion,Sugar,Chocolate"
856,"Butter,Cheese,Corn,Eggs,Kidney Beans,Milk,Sugar,Chocolate"
857,"Apple,Butter,Cheese,Corn,Eggs,Ice cream,Milk,Onion,Broccoli,Yogurt,Chocolate"
858,"Apple,Bread,Butter,Cheese,Eggs,Garlic,Yogurt,Chocolate"
859,"Butter,Eggs"
860,"Apple,Corn,Eggs,Milk,Broccoli,Yogurt,Chocolate"
861,"Corn,Dill,Eggs,Ice cream,Sugar,Yogurt"
862,"Apple,Bread,Eggs,Garlic,Onion"
863,"Dill,Kidney Beans,Onion,Sugar,Yogurt"
864,"Apple,Bread,Butter,Cheese,Corn,Ice cream,Onion,Sugar,Broccoli,Chocolate"
865,"Bread,Cheese,Corn,Dill,Ice cream,Kidney Beans,Milk,Garlic,Onion,Broccoli,Chocolate"
866,"Apple,Eggs,Ice cream,Yogurt"
867,"Eggs,Milk"
868,"Apple,Eggs,Ice cream,Milk,Garlic,Broccoli,Yogurt,Chocolate"
869,"Apple,Bread,Butter,Onion,Broccoli"
870,"Corn,Milk,Sugar"
871,"Apple,Bread,Butter,Cheese,Dill,Ice cream,Kidney Beans,Garlic,Broccoli,Chocolate"
872,"Apple,Bread,Butter,Eggs,Broccoli"
873,"Apple,Butter,Ice cream,Onion,Yogurt,Chocolate"
874,"Apple,Butter,Cheese,Corn,Dill,Eggs,Ice cream,Kidney Beans,Onion,Sugar,Broccoli,Yogurt"
875,"Bread,Cheese,Dill,Eggs,Milk,Onion,Broccoli,Yogurt,Chocolate"
876,"Bread,Butter,Corn,Ice cream,Kidney Beans,Onion,Broccoli,Chocolate"
877,"Butter,Dill,Ice cream,Milk,Garlic,Onion,Sugar,Broccoli,Chocolate"
878,"Bread,Corn,Dill,Eggs,Chocolate"
879,"Apple,Bread,Corn,Eggs,Milk"
880,"Butter,Eggs,Ice cream,Kidney Beans,Sugar,Chocolate"
881,"Bread,Cheese,Corn,Eggs,Ice cream,Kidney Beans,Sugar,Yogurt"
882,"Bread,Dill,Milk,Onion,Sugar,Yogurt"
883,"Apple,Bread,Cheese,Corn,Ice cream,Kidney Beans,Garlic,Sugar,Broccoli,Yogurt,Chocolate"
884,"Bread,Cheese,Dill,Ice cream,Milk,Onion,Sugar,Yogurt,Chocolate"
885,"Butter,Cheese,Corn,Dill,Milk,Garlic,Onion,Sugar"
886,"Cheese,Yogurt"
887,"Eggs,Kidney Beans,Yogurt"
888,"Bread,Cheese,Kidney Beans,Garlic,Onion,Yogurt"
889,"Apple,Bread,Butter,Sugar,Yogurt"
890,"Eggs,Onion,Broccoli,Chocolate"
891,"Bread,Butter,Cheese,Corn,Dill,Ice cream,Kidney Beans,Milk,Onion,Yogurt,Chocolate"
892,"Cheese,Corn,Ice cream,Kidney Beans,Garlic,Onion,Broccoli,Chocolate"
893,"Bread,Butter,Eggs,Ice cream,Milk,Garlic,Onion,Sugar,Broccoli"
894,"Bread,Cheese,Corn,Milk,Garlic,Onion,Yogurt,Chocolate"
895,"Cheese,Kidney Beans,Sugar"
896,"Apple,Butter,Dill,Eggs,Milk,Garlic,Onion,Broccoli,Yogurt"
897,"Apple,Bread,Butter,Dill,Eggs,Ice cream,Kidney Beans,Milk,Sugar"
898,"Cheese,Corn,Dill,Eggs,Ice cream,Kidney Beans,Milk,Yogurt,Chocolate"
899,"Apple,Bread,Butter,Corn,Eggs,Ice cream,Kidney Beans,Milk,Garlic,Onion,Sugar"
900,"Apple,Cheese,Eggs,Ice cream,Kidney Beans,Milk,Garlic,Broccoli,Yogurt"
901,"Apple,Bread,Butter,Cheese,Dill,Eggs,Kidney Beans,Milk,Sugar,Chocolate"
902,"Butter,Ice cream"
903,"Bread,Butter,Cheese,Corn,Ice cream,Kidney Beans,Milk,Sugar,Chocolate"
904,"Apple,Eggs"
905,"Apple,Butter,Dill,Milk,Sugar,Broccoli,Chocolate"
906,"Bread,Butter,Cheese,Corn,Dill,Kidney Beans,Milk,Garlic,Onion,Sugar,Yogurt,Chocolate"
907,"Butter,Cheese,Ice cream,Kidney Beans,Garlic,Broccoli,Yogurt"
908,"Apple,Cheese,Corn,Dill,Eggs,Kidney Beans,Milk,Garlic,Onion,Broccoli,Yogurt,Chocolate"
909,"Apple,Bread,Cheese,Kidney Beans,Garlic,Sugar,Broccoli"
910,"Bread,Corn,Eggs,Kidney Beans,Onion"
911,"Apple,Bread,Butter,Cheese,Corn,Ice cream,Onion,Broccoli,Chocolate"
912,"Apple,Butter,Corn,Dill,Ice cream,Kidney Beans,Milk,Garlic,Onion,Sugar"
913,"Corn,Dill"
914,"Apple,Bread,Corn,Dill,Ice cream,Kidney Beans,Garlic,Sugar"
915,"Apple,Bread,Butter,Kidney Beans,Milk,Onion,Broccoli,Yogurt"
916,"Butter,Corn,Dill,Ice cream,Garlic,Onion,Chocolate"
917,"Bread,Butter,Cheese,Corn,Ice cream,Onion,Sugar,Broccoli,Yogurt,Chocolate"
918,"Butter,Dill,Eggs,Garlic,Sugar,Yogurt"
919,"Butter,Corn,Dill,Eggs,Garlic,Onion"
920,"Butter,Corn,Eggs,Kidney Beans,Garlic,Onion,Sugar,Yogurt,Chocolate"
921,"Milk,Garlic,Sugar"
922,"Apple,Bread,Cheese,Corn,Kidney Beans,Milk,Garlic,Onion,Sugar,Broccoli,Yogurt,Chocolate"
923,"Apple,Corn,Dill,Ice cream,Kidney Beans,Milk,Broccoli,Chocolate"
924,"Butter,Dill,Eggs,Kidney Beans,Yogurt"
925,"Bread,Butter,Ice cream,Kidney Beans,Milk,Broccoli"
926,"Butter,Corn,Dill,Ice cream,Milk,Onion,Broccoli,Chocolate"
927,"Ice cream,Garlic,Onion,Chocolate"
928,"Apple,Bread,Butter,Ice cream,Kidney Beans,Garlic,Onion,Sugar,Broccoli,Yogurt,Chocolate"
929,"Butter,Ice cream,Kidney Beans,Sugar,Broccoli"
930,"Butter,Dill,Eggs,Ice cream,Milk,Garlic,Broccoli,Yogurt,Chocolate"
931,"Apple,Bread,Cheese,Garlic,Onion"
932,"Apple,Bread,Corn,Ice cream,Garlic,Onion,Sugar,Broccoli"
933,"Apple,Butter,Cheese,Corn,Dill,Garlic,Sugar,Yogurt,Chocolate"
934,"Apple,Bread,Corn,Dill,Eggs,Kidney Beans,Milk,Yogurt,Chocolate"
935,"Cheese,Kidney Beans,Onion,Chocolate"
936,"Cheese,Dill,Milk,Garlic,Chocolate"
937,"Cheese,Eggs,Onion,Sugar,Broccoli,Yogurt"
938,"Apple,Dill,Kidney Beans,Milk"
939,"Apple,Bread,Butter,Cheese,Corn,Dill,Eggs,Milk,Broccoli,Yogurt,Chocolate"
940,"Butter,Corn"
941,"Bread,Butter,Cheese,Kidney Beans,Garlic,Sugar,Broccoli,Chocolate"
942,"Apple,Butter,Cheese,Eggs,Onion,Sugar,Yogurt"
943,"Apple,Bread,Cheese,Dill,Eggs,Ice cream,Milk,Onion,Broccoli,Yogurt,Chocolate"
944,"Bread,Corn,Broccoli"
945,"Apple,Cheese,Corn,Dill,Eggs,Kidney Beans,Onion,Sugar,Broccoli,Chocolate"
946,"Eggs,Kidney Beans,Garlic,Yogurt"
947,"Bread,Butter,Dill,Ice cream,Kidney Beans,Sugar"
948,"Apple,Dill,Milk,Sugar,Broccoli"
949,"Dill,Garlic"
950,"Bread,Butter,Cheese,Corn,Eggs,Kidney Beans,Milk,Onion,Sugar,Broccoli"
951,"Bread,Ice cream,Broccoli"
952,"Apple,Bread,Butter,Cheese,Corn,Dill,Ice cream,Kidney Beans,Garlic,Onion,Sugar"
953,"Bread,Butter,Corn,Dill,Ice cream,Kidney Beans,Milk,Garlic,Sugar,Yogurt"
954,"Bread,Butter,Cheese,Corn,Milk,Chocolate"
955,"Bread,Cheese,Milk,Broccoli,Yogurt,Chocolate"
956,"Apple,Cheese,Corn,Dill,Eggs,Ice cream,Kidney Beans,Milk,Garlic,Sugar,Broccoli"
957,"Apple,Dill,Ice cream,Kidney Beans"
958,"Cheese,Corn,Dill,Eggs,Ice cream,Kidney Beans,Milk,Sugar"
959,"Bread,Butter,Corn,Eggs,Kidney Beans,Milk,Garlic,Broccoli,Yogurt"
960,"Apple,Corn,Dill,Eggs,Milk,Sugar"
961,Eggs
962,"Apple,Cheese,Dill,Ice cream,Kidney Beans,Milk,Onion,Sugar,Broccoli,Yogurt"
963,"Apple,Bread,Cheese,Corn,Eggs,Ice cream,Kidney Beans,Milk,Garlic,Yogurt"
964,"Bread,Cheese,Eggs,Kidney Beans,Sugar,Broccoli,Yogurt,Chocolate"
965,"Apple,Bread,Kidney Beans,Milk,Garlic,Sugar,Broccoli,Yogurt,Chocolate"
966,"Bread,Butter,Cheese,Ice cream,Kidney Beans,Garlic,Yogurt,Chocolate"
967,"Butter,Eggs,Ice cream,Kidney Beans,Milk,Garlic,Onion,Sugar,Yogurt,Chocolate"
968,"Apple,Butter,Corn,Ice cream,Garlic,Broccoli"
969,"Apple,Bread,Butter,Corn,Ice cream,Garlic,Onion,Chocolate"
970,"Bread,Butter,Corn,Eggs,Ice cream,Kidney Beans,Milk,Garlic,Broccoli,Yogurt"
971,"Apple,Butter,Corn,Dill,Milk,Garlic,Onion,Broccoli,Yogurt,Chocolate"
972,"Apple,Butter,Dill,Kidney Beans,Milk,Garlic,Broccoli,Chocolate"
973,"Butter,Corn,Dill,Broccoli,Yogurt"
974,"Bread,Butter,Dill,Ice cream,Kidney Beans,Milk,Garlic,Onion,Yogurt,Chocolate"
975,"Corn,Milk,Garlic,Onion,Sugar,Yogurt,Chocolate"
976,"Bread,Butter,Cheese,Dill,Eggs,Ice cream,Kidney Beans,Broccoli,Chocolate"
977,Yogurt
978,"Bread,Ice cream,Chocolate"
979,"Bread,Butter,Cheese,Corn,Ice cream,Kidney Beans,Milk,Garlic,Sugar"
980,"Butter,Onion"
981,"Butter,Onion,Yogurt,Chocolate"
982,"Apple,Bread,Butter,Corn,Eggs,Ice cream,Kidney Beans,Garlic,Broccoli,Yogurt,Chocolate"
983,"Corn,Dill,Onion"
984,"Apple,Eggs,Kidney Beans,Milk"
985,"Apple,Butter,Cheese,Dill,Eggs,Ice cream,Kidney Beans,Sugar,Broccoli,Chocolate"
986,"Bread,Cheese,Dill,Eggs,Ice cream,Kidney Beans,Milk,Garlic,Onion,Sugar,Broccoli,Yogurt"
987,"Garlic,Sugar"
988,"Apple,Bread,Butter,Ice cream,Milk,Garlic,Broccoli"
989,"Apple,Bread,Corn,Dill,Kidney Beans,Onion,Sugar,Yogurt,Chocolate"
990,Eggs
991,"Butter,Cheese,Eggs,Milk,Garlic,Onion,Sugar,Broccoli"
992,"Bread,Dill,Ice cream,Milk,Garlic,Broccoli,Chocolate"
993,"Apple,Butter,Corn,Ice cream,Kidney Beans,Sugar"
994,"Butter,Dill,Onion,Sugar,Broccoli,Chocolate"
995,"Bread,Eggs,Broccoli,Chocolate"
996,"Apple,Corn,Kidney Beans,Milk,Garlic,Yogurt"
997,"Apple,Corn,Dill,Sugar,Chocolate"
998,"Butter,Cheese,Corn,Eggs,Ice cream,Kidney Beans,Garlic,Sugar,Yogurt,Chocolate"
999,"Milk,Chocolate"
